{
    "$schema": "https://schema.management.azure.com/schemas/2019-04-01/deploymentTemplate.json#",
    "contentVersion": "1.0.0.0",
    "parameters": {
        "regionToDeploy": {
            "allowedValues": [
                "AustraliaEast",
                "AustraliaSoutheast"
            ],
            "type": "String"
        },
        "vmNumberOfInstances": {
            "type": "Int"
        },
        "vmInstancesAttributes": {
            "type": "array"
        },
        "rsvVaultName": {
            "type": "string"
        },
        "vmResourceGroup": {
            "type": "string"
        },
        "rsvBackupPolicyName": {
            "type": "string"
        }
    },
    "variables": {},
    "resources": [
        {
            "name": "[concat( parameters('rsvVaultName'), '/Azure/', 'iaasvmcontainer;iaasvmcontainerv2;', parameters('vmResourceGroup'), ';', parameters('vmInstancesAttributes')[copyIndex()].vmName, '/vm;iaasvmcontainerv2;', parameters('vmResourceGroup'),';', parameters('vmInstancesAttributes')[copyIndex()].vmName)]",
            "apiVersion": "2016-06-01",
            "location": "[parameters('regionToDeploy')]",
            "type": "Microsoft.RecoveryServices/vaults/backupFabrics/protectionContainers/protectedItems",
            "copy": {
                "name": "protectedItemsCopy",
                "count": "[parameters('vmNumberOfInstances')]"
            },
            "properties": {
                "protectedItemType": "Microsoft.Compute/virtualMachines",
                "policyId": "[resourceId('Microsoft.RecoveryServices/vaults/backupPolicies', parameters('rsvVaultName'), parameters('rsvBackupPolicyName'))]",
                "sourceResourceId": "[resourceId(subscription().subscriptionId ,parameters('vmResourceGroup'),'Microsoft.Compute/virtualMachines', concat(parameters('vmInstancesAttributes')[copyIndex()].vmName) )]"
            }
        }
    ]
}