{
    "$schema": "https://schema.management.azure.com/schemas/2019-04-01/deploymentTemplate.json#",
    "contentVersion": "1.0.0.0",
    "parameters": {
        "artifactsLocation": {
            "type": "String",
            "metadata": {
                "description": "Location of post deployment scripts / DSC configuration / nested Scripts"
            }
        },
        "artifactsSasToken": {
            "defaultValue": "?sv=2018-03-28&ss=b&srt=sco&sp=rl&st=2019-10-08T04%3A16%3A32Z&se=2023-03-27T04%3A16%3A00Z&sig=1VUxKtlilnXjNzbqvVo7PubzFH8Q%2FCbNyLyZe2XI7dU%3D",
            "type": "SecureString",
            "metadata": {
                "description": "Storage SAS Token for artifacts"
            }
        },
        "domainJoinPassword": {
            "type": "SecureString",
            "metadata": {
                "description": "Password of the account on the domain to join"
            }
        },
        "domainJoinUsername": {
            "type": "String",
            "metadata": {
                "description": "User Name of the account on the domain to join"
            }
        },
        "domainToJoin": {
            "type": "String",
            "metadata": {
                "description": "The FQDN of the AD domain"
            }
        },
        "existingSubnetName": {
            "type": "String",
            "metadata": {
                "description": "Existing subnet Name"
            }
        },
        "existingVnetName": {
            "defaultValue": "",
            "type": "String",
            "metadata": {
                "description": "Existing VNet Name"
            }
        },
        "existingVnetResourceGroupName": {
            "type": "String",
            "metadata": {
                "description": "Resource group of the existing VNet"
            }
        },
        "galleryName": {
            "type": "String",
            "metadata": {
                "description": "Shared Image Gallery Name"
            }
        },
        "GuestOS": {
            "allowedValues": [
                "Linux",
                "Windows2016-Std",
                "Windows2016-DC",
                "Windows2012-R2-Std"
            ],
            "type": "String"
        },
        "ouPath": {
            "defaultValue": "OU=Servers,OU=Azure,DC=wowcorp,DC=com,DC=au",
            "type": "String",
            "metadata": {
                "description": "Specifies an organizational unit (OU) for the domain account. Enter the full distinguished name of the OU in quotation marks. Example: \"OU=testOU; DC=domain; DC=Domain; DC=com\""
            }
        },
        "regionToDeploy": {
            "allowedValues": [
                "AustraliaEast",
                "AustraliaSoutheast"
            ],
            "type": "String"
        },
        "requireAvailablitySet": {
            "defaultValue": "No",
            "allowedValues": [
                "Yes",
                "No"
            ],
            "type": "String",
            "metadata": {
                "description": "Choose 'yes' if AvailablitySet is required"
            }
        },
        "vmAdminPassword": {
            "type": "SecureString",
            "metadata": {
                "description": "Password for the Virtual Machine"
            }
        },
        "vmAdminUsername": {
            "type": "String",
            "metadata": {
                "description": "User Name for the Virtual Machine"
            }
        },
        "vmAdminGroup": {
            "type": "string"
        },
        "vmNicDnsSetting": {
            "defaultValue": [
                "AzureProvidedDNS"
            ],
            "type": "Array",
            "metadata": {
                "description": "Specify the DNS Settings for the VM NiC"
            }
        },
        "vmDiagStorageAccountName": {
            "type": "String",
            "metadata": {
                "description": "This is the name of the storage account using for VM boot diagnostics"
            }
        },
        "vmNamePrefix": {
            "maxLength": 11,
            "type": "String",
            "metadata": {
                "description": "This is the prefix to use in all VM instances name"
            }
        },
        "vmNumberOfInstances": {
            "defaultValue": 1,
            "minValue": 1,
            "maxValue": 5,
            "type": "Int",
            "metadata": {
                "description": "Number of VMs to deploy, limit 5 since this template is using a single storage account"
            }
        },
        "vmNumberOffset": {
            "defaultValue": 0,
            "minValue": 0,
            "maxValue": 100,
            "type": "Int",
            "metadata": {
                "description": "Number to start vm unique ID sequence from"
            }
        },
        "vmSize": {
            "type": "String",
            "metadata": {
                "description": "This is the size of the VM"
            }
        },
        "workspaceName": {
            "type": "String",
            "metadata": {
                "description": "Log Analytics workspace name"
            }
        },
        "workspaceResourceGroupName": {
            "type": "String",
            "metadata": {
                "description": "Log Analaytics ResourceGroup name"
            }
        },
        "PatchWindow": {
            "type": "string",
            "metadata": {
                "description": "Patch Window for Scheduled System Updates (Windows Only)"
            }
        },
        "rsvResourceGroup": {
            "type": "string",
            "metadata": {
                "description": "Resource Group to which the Recovery Services Vault Belongs"
            }
        },
        "rsvVaultName": {
            "type": "string",
            "metadata": {
                "description": "Recovery Services Vault to backup VMs"
            }
        },
        "rsvBackupPolicyName": {
            "type": "string",
            "metadata": {
                "description": "Recovery Services Backup Policy to Apply to VMs"
            }
        },
        "Provisionedby": {
            "type": "string",
            "allowedValues": [
                "WgHS",
                "CloudOps",
                "CloudEng"
            ],
            "metadata": {
                "description": "Azure Resource Group Deployed by (WgHS, CloudOps, CloudEng)"
            }
        },
        "ServerRole": {
            "type": "string"
        },
        "Environment": {
            "type": "string"
        },
        "ServerType": {
            "type": "string"
        },
        "ConfigureSQLdisks": {
            "type": "string",
            "defaultValue": "False",
            "metadata": {
                "description": "Configure SQL Disks"
            }
        },
        "MsServerRoles": {
            "type": "string",
            "defaultValue": "none",
            "metadata": {
                "description": "Install Failover Cluster (for SQL AAG)"
            }
        },
        "AppTeamLocalAdmins": {
            "type": "string",
            "defaultValue": "",
            "metadata": {
                "description": "Application Team User or Group"
            }
        },
        "vmDataDiskSizeGB": {
            "type": "int",
            "defaultValue": 50,
            "metadata": {
                "description": "The size of the dataDisks to be returned in the output array."
            }
        }
    },
    "variables": {
        "existingVnetReferenceId": "[resourceId(parameters('existingVnetResourceGroupName'), 'Microsoft.Network/virtualNetworks', parameters('existingVnetName'))]",
        "existingSubnetReferenceId": "[concat(variables('ExistingVnetReferenceId'), '/subnets/', parameters('existingSubnetName'))]",
        "availabilitySetName": "[concat(parameters('vmNamePrefix'), if(equals(parameters('regionToDeploy'), 'AustraliaEast'), '0', if(equals(parameters('regionToDeploy'), 'AustraliaSoutheast'), '1', 'X')), '-avset')]",
        "availabilitySetId": {
            "id": "[resourceId('Microsoft.Compute/availabilitySets', variables('availabilitySetName'))]"
        },
        "vmDiagStorageAccountName": "[concat(toLower(parameters('vmDiagStorageAccountName')), if(equals(parameters('regionToDeploy'), 'AustraliaEast'), '0', if(equals(parameters('regionToDeploy'), 'AustraliaSoutheast'), '1', 'X')))]",
        "existingOMSReferenceId": "[resourceId(parameters('workspaceResourceGroupName'), 'Microsoft.OperationalInsights/workspaces/', parameters('workspaceName'))]",
        "galleryImageDefinition": "[if(contains(parameters('GuestOS'), 'Linux'), 'WOW-SOE-RHEL76-IMAGES', if(contains(parameters('GuestOS'), 'Windows2016-Std'), 'WOW-SOE-W2K16-STD-IMAGES', if(contains(parameters('GuestOS'), 'Windows2016-DC'), 'WOW-SOE-W2K16-DC-IMAGES',if(contains(parameters('GuestOS'), 'Windows2012-R2-Std'), 'WOW-SOE-W2K12R2-STD-IMAGES', 'None'))))]",
        "galleryImageVersion": "[concat(if(equals(parameters('GuestOS'), 'Linux'), '7.6.0', if(contains(parameters('GuestOS'), 'Windows'), '1.0.0', 'X')))]",
        "OMSAgentType": "[concat(if(equals(parameters('GuestOS'), 'Linux'), 'OmsAgentForLinux', if(contains(parameters('GuestOS'), 'Windows'), 'MicrosoftMonitoringAgent', 'X')))]",
        "OMSAgentTypeHandlerVersion": "[concat(if(equals(parameters('GuestOS'), 'Linux'), '1.7', if(contains(parameters('GuestOS'), 'Windows'), '1.0', 'X')))]",
        "vmBootDiagStorageAccountSku": "Standard_LRS",
        "vmOsDiskSizeGB": 128,
        "domainJoinOptions": 3,
        "vmNetworkSecurityGroupName": "[concat(parameters('vmNamePrefix'), if(equals(parameters('regionToDeploy'), 'AustraliaEast'), '0', if(equals(parameters('regionToDeploy'), 'AustraliaSoutheast'), '1', 'X')), '-nsg')]",
        "dataDiskArray": {
            "copy": [
                {
                    "name": "disks",
                    "count": "[mul(64,parameters('vmNumberOfInstances'))]",
                    "input": {
                        "name": "[concat(parameters('vmNamePrefix'), if(equals(parameters('regionToDeploy'), 'AustraliaEast'), '0', if(equals(parameters('regionToDeploy'), 'AustraliaSoutheast'), '1', 'X')), padLeft(add(div(copyIndex('disks'),64),parameters('vmNumberOffset')), 3, '0'),'-DataDisk', padLeft(add(mod(copyIndex('disks'),64),1),2,'0'))]",
                        "diskSizeGB": 0,
                        "createOption": "Empty",
                        "lun": "[add(mod(copyIndex('disks'),64),1)]"
                    }
                }
            ]
        },
        "vmInstancesAttributes": {
            "copy": [
                {
                    "name": "vms",
                    "count": "[parameters('vmNumberOfInstances')]",
                    "input": {
                        "vmName": "[concat(parameters('vmNamePrefix'), if(equals(parameters('regionToDeploy'), 'AustraliaEast'), '0', if(equals(parameters('regionToDeploy'), 'AustraliaSoutheast'), '1', 'X')), padLeft(copyIndex('vms',parameters('vmNumberOffset')), 4, '0'))]",
                        "vmOsDiskName": "[concat(parameters('vmNamePrefix'), if(equals(parameters('regionToDeploy'), 'AustraliaEast'), '0', if(equals(parameters('regionToDeploy'), 'AustraliaSoutheast'), '1', 'X')), padLeft(copyIndex('vms',parameters('vmNumberOffset')), 4, '0'), '-OSDisk')]",
                        "vmNicName": "[concat(parameters('vmNamePrefix'), if(equals(parameters('regionToDeploy'), 'AustraliaEast'), '0', if(equals(parameters('regionToDeploy'), 'AustraliaSoutheast'), '1', 'X')), padLeft(copyIndex('vms',parameters('vmNumberOffset')), 4, '0'), '-nic')]",
                        "dataDiskArray": "[take(skip(variables('dataDiskArray').disks,mul(64,copyIndex('vms'))),0)]"
                    }
                }
            ]
        },
        "isWindowsOs": "[contains(toLower(parameters('GuestOS')), 'windows')]",
        "applicationSecurityGroupName": "[concat(parameters('Environment'), '-', parameters('ServerRole'), '-', parameters('ServerType'), if(equals(parameters('regionToDeploy'), 'AustraliaEast'), '-AE', if(equals(parameters('regionToDeploy'), 'AustraliaSoutheast'), '-AS', 'X')))]",
        "applicationSecurityGroupId": "[resourceId('Microsoft.Network/applicationSecurityGroups',variables('applicationSecurityGroupName'))]",
        "uriRecoveryVaultBackup": "[concat(parameters('artifactsLocation'), '/ARM-Templates/azureConfigureVmBackup.json', parameters('artifactsSasToken'))]",
        "WinScript1": "WindowsPostDeploy.ps1",
        "WinScript1fileUris": "[concat(parameters('artifactsLocation'), '/Scripts/WindowsPostDeploy.ps1', parameters('artifactsSasToken'))]",
        "WinScript1Command": "[concat('powershell -ExecutionPolicy Bypass -file ', '.\\Scripts\\', variables('WinScript1'), ' -ConfigureSQLdisks ', parameters('ConfigureSQLdisks'), ' -MsServerRoles ', parameters('MsServerRoles'), ' -LocalAdmins ', parameters('AppTeamLocalAdmins'))]",
        "WinScript2": "WindowsCISHardening.ps1",
        "WinScript2fileUris": "[concat(parameters('artifactsLocation'), '/Scripts/windowsCISHardening.ps1', parameters('artifactsSasToken'))]",
        "WinScript2Command": "[concat('powershell -ExecutionPolicy Bypass -file ', '.\\Scripts\\', variables('WinScript2'), ' -artifactsSasToken ', parameters('artifactsSasToken'))]",
        "LinuxScript1": "LinuxPostDeploy.sh",
        "LinuxScript1fileUris": "[concat(parameters('artifactsLocation'), '/Scripts/LinuxPostDeploy.sh', parameters('artifactsSasToken'))]",
        "LinkedCSETemplateURI": "[concat(parameters('artifactsLocation'), '/ARM-Templates/PostDeploy-CustomScriptExtension.json', parameters('artifactsSasToken'))]"
    },
    "resources": [
        {
            "type": "Microsoft.Storage/storageAccounts",
            "apiVersion": "2017-06-01",
            "name": "[variables('vmDiagStorageAccountName')]",
            "location": "[parameters('regionToDeploy')]",
            "dependsOn": [
            ],
            "sku": {
                "name": "[variables('vmBootDiagStorageAccountSku')]"
            },
            "kind": "Storage",
            "properties": {
            }
        },
        {
            "type": "Microsoft.Network/networkSecurityGroups",
            "apiVersion": "2017-10-01",
            "name": "[variables('vmNetworkSecurityGroupName')]",
            "location": "[parameters('regionToDeploy')]",
            "properties": {
                "securityRules": [
                    {
                        "name": "AllowSshAll",
                        "properties": {
                            "description": "AllowSshAll",
                            "direction": "Inbound",
                            "protocol": "Tcp",
                            "access": "Allow",
                            "priority": 1000,
                            "sourceAddressPrefix": "10.0.0.0/8",
                            "sourcePortRange": "*",
                            "destinationAddressPrefix": "*",
                            "destinationPortRange": "22"
                        }
                    },
                    {
                        "name": "AllowRdpAll",
                        "properties": {
                            "description": "AllowRdpAll",
                            "direction": "Inbound",
                            "protocol": "Tcp",
                            "access": "Allow",
                            "priority": 1100,
                            "sourceAddressPrefix": "10.0.0.0/8",
                            "sourcePortRange": "*",
                            "destinationAddressPrefix": "*",
                            "destinationPortRange": "3389"
                        }
                    }
                ]
            }
        },
        {
            "name": "[variables('applicationSecurityGroupName')]",
            "type": "Microsoft.Network/applicationSecurityGroups",
            "apiVersion": "2018-08-01",
            "location": "[parameters('regionToDeploy')]",
            "tags": {
            },
            "properties": {
            }
        },
        {
            "type": "Microsoft.Network/networkInterfaces",
            "apiVersion": "2018-08-01",
            "name": "[variables('vmInstancesAttributes').vms[copyIndex()].vmNicName]",
            "location": "[parameters('regionToDeploy')]",
            "dependsOn": [
                "[concat('Microsoft.Network/networkSecurityGroups/', variables('vmNetworkSecurityGroupName'))]",
                "[concat('Microsoft.Network/applicationSecurityGroups/', variables('applicationSecurityGroupName'))]"
            ],
            "properties": {
                "ipConfigurations": [
                    {
                        "name": "[concat('ipConfig-', variables('vmInstancesAttributes').vms[copyIndex()].vmName)]",
                        "properties": {
                            "privateIPAllocationMethod": "Dynamic",
                            "subnet": {
                                "id": "[variables('existingSubnetReferenceId')]"
                            },
                            "applicationSecurityGroups": [
                                {
                                    "id": "[variables('applicationSecurityGroupId')]"
                                }
                            ]
                        }
                    }
                ],
                "networkSecurityGroup": {
                    "id": "[resourceId('Microsoft.Network/networkSecurityGroups', variables('vmNetworkSecurityGroupName'))]"
                },
                "dnsSettings": {
                    "dnsServers": "[parameters('vmNicDnsSetting')]"
                }
            },
            "copy": {
                "name": "vmNicLoop",
                "count": "[parameters('vmNumberOfInstances')]",
                "mode": "Parallel"
            }
        },
        {
            "type": "Microsoft.Compute/availabilitySets",
            "apiVersion": "2017-03-30",
            "name": "[variables('availabilitySetName')]",
            "location": "[parameters('regionToDeploy')]",
            "sku": {
                "name": "Aligned"
            },
            "properties": {
                "platformFaultDomainCount": 2,
                "platformUpdateDomainCount": 3
            },
            "condition": "[equals(parameters('requireAvailablitySet'), 'Yes')]"
        },
        {
            "type": "Microsoft.Compute/virtualMachines",
            "apiVersion": "2018-06-01",
            "name": "[variables('vmInstancesAttributes').vms[copyIndex()].vmName]",
            "location": "[parameters('regionToDeploy')]",
            "tags": {
                "PatchWindow": "[parameters('PatchWindow')]",
                "PatchCycleActive": "True",
                "Provisionedby": "[parameters('Provisionedby')]"
            },
            "dependsOn": [
                "[concat('Microsoft.Storage/storageAccounts/', variables('vmDiagStorageAccountName'))]",
                "vmNicLoop"
            ],
            "properties": {
                "licenseType": "[if(contains(parameters('GuestOS'),'Windows'), 'Windows_Server', json('null'))]",
                "hardwareProfile": {
                    "vmSize": "[parameters('vmSize')]"
                },
                "availabilitySet": "[if(equals(parameters('requireAvailablitySet'), 'Yes'), variables('availabilitySetId'), json('null'))]",
                "osProfile": {
                    "computerName": "[variables('vmInstancesAttributes').vms[copyIndex()].vmName]",
                    "adminUsername": "[parameters('vmAdminUsername')]",
                    "adminPassword": "[parameters('vmAdminPassword')]"
                },
                "storageProfile": {
                    "imageReference": {
                        "id": "[resourceId('e0c7e37c-f166-4e38-884d-dcdf0e8f7518','MGMT-PROD-SHAREDIMAGE-GALLERY','Microsoft.Compute/galleries/images/versions', parameters('galleryName'), variables('galleryImageDefinition'), variables('galleryImageVersion'))]"
                    },
                    "osDisk": {
                        "name": "[variables('vmInstancesAttributes').vms[copyIndex()].vmOsDiskName]",
                        "diskSizeGB": "[variables('vmOsDiskSizeGB')]",
                        "managedDisk": {
                            "storageAccountType": "StandardSSD_LRS"
                        },
                        "caching": "ReadWrite",
                        "createOption": "FromImage"
                    },
                    "dataDisks": "[variables('vmInstancesAttributes').vms[copyIndex()].dataDiskArray]"
                },
                "networkProfile": {
                    "networkInterfaces": [
                        {
                            "id": "[resourceId('Microsoft.Network/networkInterfaces', variables('vmInstancesAttributes').vms[copyIndex()].vmNicName)]"
                        }
                    ]
                },
                "diagnosticsProfile": {
                    "bootDiagnostics": {
                        "enabled": true,
                        "storageUri": "[concat('http://', variables('vmDiagStorageAccountName'), '.blob.core.windows.net')]"
                    }
                }
            },
            "resources": [
                {
                    "type": "Microsoft.Compute/virtualMachines/extensions",
                    "apiVersion": "2019-03-01",
                    "name": "[concat(variables('vmInstancesAttributes').vms[copyIndex()].vmName, '/CSE-Linux')]",
                    "location": "[parameters('regionToDeploy')]",
                    "dependsOn": [
                        "[concat('Microsoft.Compute/virtualMachines/', variables('vmInstancesAttributes').vms[copyIndex()].vmName)]"
                    ],
                    "properties": {
                        "publisher": "Microsoft.Azure.Extensions",
                        "type": "CustomScript",
                        "typeHandlerVersion": "2.0",
                        "autoUpgradeMinorVersion": true,
                        "protectedSettings": {
                            "commandToExecute": "echo nameserver 10.17.36.20 >> /etc/resolv.conf; sed -i 's/Defaults    requiretty/#Defaults    requiretty/g' /etc/sudoers"
                        }
                    },
                    "condition": "[contains(parameters('GuestOS'), 'Linux')]"
                }
            ],
            "copy": {
                "name": "vmLoop",
                "count": "[parameters('vmNumberOfInstances')]",
                "mode": "Parallel"
            }
        },
        {
            "type": "Microsoft.Compute/virtualMachines/extensions",
            "apiVersion": "2019-03-01",
            "name": "[concat(variables('vmInstancesAttributes').vms[copyIndex()].vmName, '/joindomain')]",
            "location": "[parameters('regionToDeploy')]",
            "dependsOn": [
                "vmLoop"
            ],
            "properties": {
                "publisher": "Microsoft.Compute",
                "type": "JsonADDomainExtension",
                "typeHandlerVersion": "1.3",
                "autoUpgradeMinorVersion": true,
                "settings": {
                    "Name": "[parameters('domainToJoin')]",
                    "User": "[parameters('domainJoinUsername')]",
                    "ouPath": "[parameters('ouPath')]",
                    "Restart": "true",
                    "Options": "[variables('domainJoinOptions')]"
                },
                "protectedSettings": {
                    "Password": "[parameters('domainJoinPassword')]"
                }
            },
            "condition": "[contains(parameters('GuestOS'), 'Windows')]",
            "copy": {
                "name": "vmDomainJoinLoop",
                "count": "[parameters('vmNumberOfInstances')]",
                "mode": "Parallel"
            }
        },
        {
            "type": "Microsoft.Resources/deployments",
            "name": "LinuxCSE1",
            "apiVersion": "2018-05-01",
            "dependsOn": [
                "vmLoop"
            ],
            "properties": {
                "mode": "Incremental",
                "templateLink": {
                    "uri": "[variables('LinkedCSETemplateURI')]",
                    "contentVersion": "1.0.0.0"
                },
                "parameters": {
                    "location": {
                        "value": "[parameters('regionToDeploy')]"
                    },
                    "extensionName": {
                        "value": "CSE"
                    },
                    "vmName": {
                        "value": "[variables('vmInstancesAttributes').vms[copyIndex()].vmName]"
                    },
                    "fileUris": {
                        "value": [
                            "[variables('LinuxScript1fileUris')]"
                        ]
                    },
                    "commandToExecute": {
                        "value": "[concat('sudo sh', ' ', variables('LinuxScript1'), ' ', parameters('vmAdminGroup'), ' ', parameters('vmAdminUsername'), ' ', parameters('vmAdminPassword'), ' ', variables('vmInstancesAttributes').vms[copyIndex()].vmName, ' ', parameters('domainToJoin'), ' ', sub(parameters('vmDataDiskSizeGB'), 1))]"
                    },
                    "isWindowsOS": {
                        "value": "[variables('isWindowsOs')]"
                    }
                }
            },
            "condition": "[contains(parameters('GuestOS'), 'Linux')]",
            "copy": {
                "name": "LinuxCSE1",
                "count": "[parameters('vmNumberOfInstances')]"
            }
        },
        {
            "type": "Microsoft.Resources/deployments",
            "name": "WinCSE1",
            "apiVersion": "2018-05-01",
            "dependsOn": [
                "vmLoop",
                "vmDomainJoinLoop"
            ],
            "properties": {
                "mode": "Incremental",
                "templateLink": {
                    "uri": "[variables('LinkedCSETemplateURI')]",
                    "contentVersion": "1.0.0.0"
                },
                "parameters": {
                    "location": {
                        "value": "[parameters('regionToDeploy')]"
                    },
                    "extensionName": {
                        "value": "CSE"
                    },
                    "vmName": {
                        "value": "[variables('vmInstancesAttributes').vms[copyIndex()].vmName]"
                    },
                    "fileUris": {
                        "value": [
                            "[variables('WinScript1fileUris')]"
                        ]
                    },
                    "commandToExecute": {
                        "value": "[variables('WinScript1Command')]"
                    },
                    "isWindowsOS": {
                        "value": "[variables('isWindowsOs')]"
                    }
                }
            },
            "condition": "[contains(parameters('GuestOS'), 'Windows')]",
            "copy": {
                "name": "WinCSE1",
                "count": "[parameters('vmNumberOfInstances')]"
            }
        },
        {
            "type": "Microsoft.Resources/deployments",
            "name": "WinCSE2",
            "apiVersion": "2018-05-01",
            "dependsOn": [
                "vmLoop",
                "vmDomainJoinLoop"
            ],
            "properties": {
                "mode": "Incremental",
                "templateLink": {
                    "uri": "[variables('LinkedCSETemplateURI')]",
                    "contentVersion": "1.0.0.0"
                },
                "parameters": {
                    "location": {
                        "value": "[parameters('regionToDeploy')]"
                    },
                    "extensionName": {
                        "value": "CSE"
                    },
                    "vmName": {
                        "value": "[variables('vmInstancesAttributes').vms[copyIndex()].vmName]"
                    },
                    "fileUris": {
                        "value": [
                            "[variables('WinScript2fileUris')]"
                        ]
                    },
                    "commandToExecute": {
                        "value": "[variables('WinScript2Command')]"
                    },
                    "isWindowsOS": {
                        "value": "[variables('isWindowsOs')]"
                    }
                }
            },
            "condition": "[contains(parameters('GuestOS'), 'Windows')]",
            "copy": {
                "name": "WinCSE2",
                "count": "[parameters('vmNumberOfInstances')]"
            }
        },
        {
            "name": "recoveryVaultBackupVms",
            "type": "Microsoft.Resources/deployments",
            "resourceGroup": "[parameters('rsvResourceGroup')]",
            "dependsOn": [
                "vmLoop"
            ],
            "apiVersion": "2019-05-01",
            "properties": {
                "mode": "Incremental",
                "templateLink": {
                    "uri": "[variables('uriRecoveryVaultBackup')]",
                    "contentVersion": "1.0.0.0"
                },
                "parameters": {
                    "regionToDeploy": {
                        "value": "[parameters('regionToDeploy')]"
                    },
                    "vmNumberOfInstances": {
                        "value": "[parameters('vmNumberOfInstances')]"
                    },
                    "vmInstancesAttributes": {
                        "value": "[variables('vmInstancesAttributes').vms]"
                    },
                    "rsvVaultName": {
                        "value": "[parameters('rsvVaultName')]"
                    },
                    "vmResourceGroup": {
                        "value": "[resourceGroup().name]"
                    },
                    "rsvBackupPolicyName": {
                        "value": "[parameters('rsvBackupPolicyName')]"
                    }
                }
            }
        }
    ],
    "outputs": {
        "location": {
            "type": "String",
            "value": "[parameters('regionToDeploy')]"
        },
        "existingVmResourceGroup": {
            "type": "String",
            "value": "[resourceGroup().name]"
        },
        "vmNamePrefix": {
            "type": "String",
            "value": "[parameters('vmNamePrefix')]"
        },
        "existingVnetReferenceId": {
            "type": "String",
            "value": "[variables('existingVnetReferenceId')]"
        },
        "existingSubnetName": {
            "type": "String",
            "value": "[parameters('existingSubnetName')]"
        },
        "vmNumberOfInstances": {
            "type": "Int",
            "value": "[parameters('vmNumberOfInstances')]"
        },
        "vmInstancesAttributes": {
            "type": "Object",
            "value": "[variables('vmInstancesAttributes')]"
        }
    }
}
