{
  "$schema": "https://schema.management.azure.com/schemas/2019-04-01/deploymentTemplate.json#",
  "contentVersion": "1.0.0.0",
  "parameters": {
    "location": {
        "allowedValues": [
            "AustraliaEast",
            "AustraliaSoutheast"
        ],
        "type": "String"
    },
    "extensionName": {
      "type": "string",
      "metadata": {
        "description": "name of the extension"
      }
    },
    "vmArray": {
      "metadata": {
        "description": "The name of the vm"
      },
      "type": "array"
    },
    "fileUris": {
      "type": "array"
    },
    "commandToExecute": {
      "type": "SecureString"
    },
    "isWindowsOS": {
      "type": "bool"
    }
  },
  "variables": {
    "extensionNameWindows": "[concat(parameters('extensionName'), '-windows')]",
    "extensionNameLinux": "[concat(parameters('extensionName'), '-linux')]"
  },
  "resources": [
    {
      "condition": "[parameters('isWindowsOS')]",
      "type": "Microsoft.Compute/virtualMachines/extensions",
      "apiVersion": "2017-03-30",
      "name": "[concat(parameters('vmArray')[copyIndex()].vmName, '/', variables('extensionNameWindows'))]",
      "location": "[parameters('location')]",
      "dependsOn": [ ],
      "properties": {
        "publisher": "Microsoft.Compute",
        "type": "CustomScriptExtension",
        "typeHandlerVersion": "1.8",
        "autoUpgradeMinorVersion": true,
        "settings": {
            "fileUris": "[parameters('fileUris')]"
        },
        "protectedSettings": {
            "commandToExecute": "[parameters('commandToExecute')]"
        }
      },
      "copy": {
          "name": "WindowsPostDeploy",
          "count": "[length(parameters('vmArray'))]"
      }
    },
    {
      "condition": "[not(parameters('isWindowsOS'))]",
      "type": "Microsoft.Compute/virtualMachines/extensions",
      "apiVersion": "2017-03-30",
      "name": "[concat(parameters('vmArray')[copyIndex()].vmName, '/', variables('extensionNameLinux'))]",
      "copy": {
          "name": "LinuxPostDeploy",
          "count": "[length(parameters('vmArray'))]"
      },
      "location": "[parameters('location')]",
      "dependsOn": [ ],
      "properties": {
        "publisher": "Microsoft.Azure.Extensions",
        "type": "CustomScript",
        "typeHandlerVersion": "2.0",
        "autoUpgradeMinorVersion": true,
        "settings": {
          "fileUris": "[parameters('fileUris')]"
        },
        "protectedSettings": {
            "commandToExecute": "[if(startsWith(parameters('commandToExecute'), 'sudo sh LinuxPostDeploy.sh'), concat(parameters('commandToExecute'), ' ', parameters('vmArray')[copyIndex()].vmName), parameters('commandToExecute'))]"
        }
      }
    }
  ],
  "outputs": {
  }
}
