{
    "$schema": "https://schema.management.azure.com/schemas/2019-04-01/deploymentTemplate.json#",
    "contentVersion": "1.0.0.0",
    "parameters": {
        "artifactsLocation": {
            "type": "String",
            "metadata": {
                "description": "Location of post deployment scripts / DSC configuration / nested Scripts"
            }
        },
        "artifactsSasToken": {
            "defaultValue": "?sv=2018-03-28&ss=b&srt=sco&sp=rl&st=2019-10-08T04%3A16%3A32Z&se=2023-03-27T04%3A16%3A00Z&sig=1VUxKtlilnXjNzbqvVo7PubzFH8Q%2FCbNyLyZe2XI7dU%3D",
            "type": "SecureString",
            "metadata": {
                "description": "Storage SAS Token for artifacts"
            }
        },
        "repoSasToken": {
            "defaultValue": "'?sv=2019-02-02&ss=b&srt=sco&st=2020-07-27T09%3A58%3A03Z&se=2022-07-28T09%3A58%3A00Z&sp=rl&sig=8r22yc5hyUbKI6HTOoEU040OSPljjg11%2B0TOoSPC10g%3D'",
            "type": "SecureString",
            "metadata": {
                "description": "Storage SAS Token for the repository - armautomationartifacts"
            }
        },
        "domainToJoin": {
            "type": "String",
            "metadata": {
                "description": "The FQDN of the AD domain"
            }
        },
        "GuestOS": {
            "allowedValues": [
                "WiPro-Linux",
                "WiPro-Windows2012-R2-Std",
                "WiPro-Windows2016-Std",
                "WiPro-Windows2016-DC",
                "Market-Windows2019",
                "Market-Windows2016-SQL2017-Enterprise",
                "Market-Windows2016-SQL2017-Standard",
                "Market-Windows2016-SQL2017-SQLDEV",
                "Market-Windows2016-SQL2016SP2-Enterprise",
                "Market-Windows2016-SQL2016SP2-Standard",
                "Market-Windows2016-SQL2016SP2-SQLDEV",
                "Market-Windows2016-SQL2017(BYOL)-Enterprise",
                "Market-Windows2016-SQL2017(BYOL)-Standard",
                "Market-Windows2016-SQL2016SP2(BYOL)-Enterprise",
                "Market-Windows2016-SQL2016SP2(BYOL)-Standard",
                "Market-Windows2019-SQL2019-SQLDEV",
                "Market-RedHat8",
                "Market-RedHat7.6",
                "Market-RedHat7.6",
                "Market-RedHat7.5",
                "Market-RedHat7.4",
                "Market-RedHat7.3"
            ],
            "type": "String"
        },
        "regionToDeploy": {
            "allowedValues": [
                "AustraliaEast",
                "AustraliaSoutheast"
            ],
            "type": "String"
        },
        "vmAdminPassword": {
            "type": "SecureString",
            "metadata": {
                "description": "Password for the Virtual Machine"
            }
        },
        "vmAdminUsername": {
            "type": "String",
            "metadata": {
                "description": "User Name for the Virtual Machine"
            }
        },
        "vmAdminGroup": {
            "type": "string"
        },
        "vmNamePrefix": {
            "maxLength": 11,
            "type": "String",
            "metadata": {
                "description": "This is the prefix to use in all VM instances name"
            }
        },
        "vmNumberOfInstances": {
            "defaultValue": 1,
            "minValue": 1,
            "maxValue": 20,
            "type": "Int",
            "metadata": {
                "description": "Number of VMs to deploy, limit 5 since this template is using a single storage account"
            }
        },
        "vmNumberOffset": {
            "defaultValue": 0,
            "minValue": 0,
            "maxValue": 100,
            "type": "Int",
            "metadata": {
                "description": "Number to start vm unique ID sequence from"
            }
        },
        "ConfigureSQLdisks": {
            "type": "string",
            "defaultValue": "False",
            "metadata": {
                "description": "Configure SQL Disks"
            }
        },
        "MsServerRoles": {
            "type": "string",
            "defaultValue": "none",
            "metadata": {
                "description": "Install Failover Cluster (for SQL AAG)"
            }
        },
        "AppTeamLocalAdmins": {
            "type": "string",
            "defaultValue": "",
            "metadata": {
                "description": "Application Team User or Group"
            }
        },
        "vmDataDiskSizeGB": {
            "type": "int",
            "defaultValue": 50,
            "metadata": {
                "description": "The size of the dataDisks to be returned in the output array."
            }
        },
        "rhelAzureAdminPass": {
            "type": "string"
        },
        "ServerRole": {
            "type": "string"
        },
        "Tag_Environment": {
            "type": "string"
        },
        "Tag_TLA": {
            "type": "string"
        }
    },
    "variables": {
        "vmInstancesAttributes": {
            "copy": [
                {
                    "name": "vms",
                    "count": "[parameters('vmNumberOfInstances')]",
                    "input": {
                        "vmName": "[concat(parameters('vmNamePrefix'), if(equals(parameters('regionToDeploy'), 'AustraliaEast'), '0', if(equals(parameters('regionToDeploy'), 'AustraliaSoutheast'), '1', 'X')), padLeft(copyIndex('vms',parameters('vmNumberOffset')), 4, '0'))]",
                        "vmOsDiskName": "[concat(parameters('vmNamePrefix'), if(equals(parameters('regionToDeploy'), 'AustraliaEast'), '0', if(equals(parameters('regionToDeploy'), 'AustraliaSoutheast'), '1', 'X')), padLeft(copyIndex('vms',parameters('vmNumberOffset')), 4, '0'), '-OSDisk')]",
                        "vmNicName": "[concat(parameters('vmNamePrefix'), if(equals(parameters('regionToDeploy'), 'AustraliaEast'), '0', if(equals(parameters('regionToDeploy'), 'AustraliaSoutheast'), '1', 'X')), padLeft(copyIndex('vms',parameters('vmNumberOffset')), 4, '0'), '-nic')]"
                    }
                }
            ]
        },
        "isWindowsOs": "[contains(toLower(parameters('GuestOS')), 'windows')]",
        "WinScript1": "WindowsPostDeploy.ps1",
        "WinScript1fileUris": "[concat(parameters('artifactsLocation'), '/Scripts/WindowsPostDeploy.ps1', parameters('artifactsSasToken'))]",
        "WinScript1Command": "[concat('powershell -ExecutionPolicy Bypass -file ', '.\\Scripts\\', variables('WinScript1'), ' -ConfigureSQLdisks ', parameters('ConfigureSQLdisks'), ' -MsServerRoles ', parameters('MsServerRoles'), ' -LocalAdmins ', parameters('AppTeamLocalAdmins'))]",
        "WinScript2": "WindowsCISHardening.ps1",
        "WinScript2fileUris": "[concat(parameters('artifactsLocation'), '/Scripts/windowsCISHardening.ps1', parameters('artifactsSasToken'))]",
        "WinScript2Command": "[concat('powershell -ExecutionPolicy Bypass -file ', '.\\Scripts\\', variables('WinScript2'), ' -artifactsSasToken ', '\"', parameters('artifactsSasToken'), '\"')]",
        "LinuxScript1": "LinuxPostDeploy.sh",
        "LinuxScript2": "LdapAndSatelitte.sh",
        "LinuxScript3": "LdapGroupAdditions.sh",
        "LinuxScript1fileUris": "[concat(parameters('artifactsLocation'), '/Scripts/LinuxPostDeploy.sh', parameters('artifactsSasToken'))]",
        "LinuxScript2fileUris": "[concat(parameters('artifactsLocation'), '/Scripts/LdapAndSatelitte.sh', parameters('artifactsSasToken'))]",
        "LinuxScript3fileUris": "[concat(parameters('artifactsLocation'), '/Scripts/LdapGroupAdditions.sh', parameters('artifactsSasToken'))]",
        "LinkedCSETemplateURI": "[concat(parameters('artifactsLocation'), '/ARM-Templates/PostDeploy-CustomScriptExtension.json', parameters('artifactsSasToken'))]",
        "deployJobNamePrefix": "[concat(if(equals(parameters('regionToDeploy'), 'AustraliaEast'), 'aae', if(equals(parameters('regionToDeploy'), 'AustraliaSoutheast'), 'aas', 'xxx')), '-', parameters('ServerRole'))]"
    },
    "resources": [
        {
            "type": "Microsoft.Resources/deployments",
            "name": "[concat(variables('deployJobNamePrefix'), '-LinuxPostDeploy')]",
            "apiVersion": "2018-05-01",
            "dependsOn": [
            ],
            "properties": {
                "mode": "Incremental",
                "templateLink": {
                    "uri": "[variables('LinkedCSETemplateURI')]",
                    "contentVersion": "1.0.0.0"
                },
                "parameters": {
                    "location": {
                        "value": "[parameters('regionToDeploy')]"
                    },
                    "extensionName": {
                        "value": "CSE"
                    },
                    "vmArray": {
                        "value": "[variables('vmInstancesAttributes').vms]"
                    },
                    "fileUris": {
                        "value": [
                            "[variables('LinuxScript1fileUris')]"
                        ]
                    },
                    "commandToExecute": {
                        "value": "[concat('sudo sh', ' ', variables('LinuxScript1'), ' ', parameters('vmAdminGroup'), ' ', parameters('vmAdminUsername'), ' ', parameters('vmAdminPassword'), ' ', parameters('domainToJoin'), ' ', sub(parameters('vmDataDiskSizeGB'), 1))]"
                    },
                    "isWindowsOS": {
                        "value": "[variables('isWindowsOs')]"
                    }
                }
            },
            "condition": "[contains(parameters('GuestOS'), 'WiPro-Linux')]"
        },
        {
            "type": "Microsoft.Resources/deployments",
            "name": "[concat(variables('deployJobNamePrefix'), '-LdapAndSatellite')]",
            "apiVersion": "2018-05-01",
            "dependsOn": [
                "[concat(variables('deployJobNamePrefix'), '-LinuxPostDeploy')]"
            ],
            "properties": {
                "mode": "Incremental",
                "templateLink": {
                    "uri": "[variables('LinkedCSETemplateURI')]",
                    "contentVersion": "1.0.0.0"
                },
                "parameters": {
                    "location": {
                        "value": "[parameters('regionToDeploy')]"
                    },
                    "extensionName": {
                        "value": "CSE"
                    },
                    "vmArray": {
                        "value": "[variables('vmInstancesAttributes').vms]"
                    },
                    "fileUris": {
                        "value": [
                            "[variables('LinuxScript2fileUris')]"
                        ]
                    },
                    "commandToExecute": {
                        "value": "[concat('sudo sh', ' ', variables('LinuxScript2'), ' ', parameters('rhelAzureAdminPass'), ' ', parameters('repoSasToken'))]"
                    },
                    "isWindowsOS": {
                        "value": "[variables('isWindowsOs')]"
                    }
                }
            },
            "condition": "[contains(parameters('GuestOS'), 'WiPro-Linux')]"
        },
        {
            "type": "Microsoft.Resources/deployments",
            "name": "[concat(variables('deployJobNamePrefix'), '-LdapGroupAdditions')]",
            "apiVersion": "2018-05-01",
            "dependsOn": [
                "[concat(variables('deployJobNamePrefix'), '-LdapAndSatellite')]"
            ],
            "properties": {
                "mode": "Incremental",
                "templateLink": {
                    "uri": "[variables('LinkedCSETemplateURI')]",
                    "contentVersion": "1.0.0.0"
                },
                "parameters": {
                    "location": {
                        "value": "[parameters('regionToDeploy')]"
                    },
                    "extensionName": {
                        "value": "CSE"
                    },
                    "vmArray": {
                        "value": "[variables('vmInstancesAttributes').vms]"
                    },
                    "fileUris": {
                        "value": [
                            "[variables('LinuxScript3fileUris')]"
                        ]
                    },
                    "commandToExecute": {
                        "value": "[concat('sudo sh', ' ', variables('LinuxScript3'), ' ', parameters('Tag_TLA'), ' ', parameters('Tag_Environment'), ' ', 'azure')]"
                    },
                    "isWindowsOS": {
                        "value": "[variables('isWindowsOs')]"
                    }
                }
            },
            "condition": "[contains(parameters('GuestOS'), 'WiPro-Linux')]"
        },
        {
            "type": "Microsoft.Resources/deployments",
            "name": "[concat(variables('deployJobNamePrefix'), 'WindowsPostDeploy')]",
            "apiVersion": "2018-05-01",
            "dependsOn": [
            ],
            "properties": {
                "mode": "Incremental",
                "templateLink": {
                    "uri": "[variables('LinkedCSETemplateURI')]",
                    "contentVersion": "1.0.0.0"
                },
                "parameters": {
                    "location": {
                        "value": "[parameters('regionToDeploy')]"
                    },
                    "extensionName": {
                        "value": "CSE"
                    },
                    "vmArray": {
                        "value": "[variables('vmInstancesAttributes').vms]"
                    },
                    "fileUris": {
                        "value": [
                            "[variables('WinScript1fileUris')]"
                        ]
                    },
                    "commandToExecute": {
                        "value": "[variables('WinScript1Command')]"
                    },
                    "isWindowsOS": {
                        "value": "[variables('isWindowsOs')]"
                    }
                }
            },
            "condition": "[contains(parameters('GuestOS'), 'Windows')]"
        },
        {
            "type": "Microsoft.Resources/deployments",
            "name": "[concat(variables('deployJobNamePrefix'), 'WindowsCis')]",
            "apiVersion": "2018-05-01",
            "dependsOn": [
                "[concat(variables('deployJobNamePrefix'), 'WindowsPostDeploy')]"
            ],
            "properties": {
                "mode": "Incremental",
                "templateLink": {
                    "uri": "[variables('LinkedCSETemplateURI')]",
                    "contentVersion": "1.0.0.0"
                },
                "parameters": {
                    "location": {
                        "value": "[parameters('regionToDeploy')]"
                    },
                    "extensionName": {
                        "value": "CSE"
                    },
                    "vmArray": {
                        "value": "[variables('vmInstancesAttributes').vms]"
                    },
                    "fileUris": {
                        "value": [
                            "[variables('WinScript2fileUris')]"
                        ]
                    },
                    "commandToExecute": {
                        "value": "[variables('WinScript2Command')]"
                    },
                    "isWindowsOS": {
                        "value": "[variables('isWindowsOs')]"
                    }
                }
            },
            "condition": "[contains(parameters('GuestOS'), 'Windows')]"
        }
    ],
    "outputs": {
        "location": {
            "type": "String",
            "value": "[parameters('regionToDeploy')]"
        },
        "vmNamePrefix": {
            "type": "String",
            "value": "[parameters('vmNamePrefix')]"
        },
        "vmNumberOfInstances": {
            "type": "Int",
            "value": "[parameters('vmNumberOfInstances')]"
        },
        "vmInstancesAttributes": {
            "type": "Object",
            "value": "[variables('vmInstancesAttributes')]"
        },
        "LinkedCSETemplateURI": {
            "type": "String",
            "value": "[variables('LinkedCSETemplateURI')]"
        },
        "LinuxScript1fileUris": {
            "type": "String",
            "value": "[variables('LinuxScript1fileUris')]"
        },
        "WinScript1fileUris": {
            "type": "String",
            "value": "[variables('WinScript1fileUris')]"
        },
        "WinScript2fileUris": {
            "type": "String",
            "value": "[variables('WinScript2fileUris')]"
        }
    }
}
