{
  "$schema": "https://schema.management.azure.com/schemas/2019-04-01/deploymentTemplate.json#",
  "contentVersion": "1.0.0.0",
  "parameters": {
    "regionToDeploy": {
      "allowedValues": [
        "AustraliaEast",
        "AustraliaSoutheast"
      ],
      "type": "string"
    },
    "vmNumberOfInstances": {
      "defaultValue": 1,
      "minValue": 1,
      "maxValue": 20,
      "type": "int",
      "metadata": {
        "description": "Number of VMs to deploy, limit 5 since this template is using a single storage account"
      }
    },
    "vmNamePrefix": {
      "maxLength": 11,
      "type": "string",
      "metadata": {
        "description": "This is the prefix to use in all VM instances name"
      }
    },
    "vmAdminUsername": {
      "type": "string",
      "metadata": {
        "description": "User Name for the Virtual Machine"
      }
    },
    "vmAdminPassword": {
      "type": "securestring",
      "metadata": {
        "description": "Password for the Virtual Machine"
      }
    },
    "vmAdminGroup": {
      "type": "string"
    },
    "vmDataDiskSizeGB": {
      "type": "int",
      "defaultValue": 50,
      "metadata": {
        "description": "The size of the dataDisks to be returned in the output array."
      }
    },
    "GuestOS": {
      "allowedValues": [
        "Windows",
        "Linux"
      ],
      "type": "string"
    },
    "domainToJoin": {
      "type": "string",
      "metadata": {
        "description": "The FQDN of the AD domain"
      }
    },
    "artifactsLocation": {
      "type": "string",
      "metadata": {
        "description": "Location of post deployment scripts / DSC configuration / nested Scripts"
      }
    },
    "artifactsSasToken": {
      "type": "securestring",
      "metadata": {
        "description": "Storage SAS Token for artifacts"
      }
    },
    "rhelAzureAdminPass": {
      "type": "securestring"
    },
    "vmNumberOffset": {
      "defaultValue": 0,
      "minValue": 0,
      "maxValue": 100,
      "type": "int",
      "metadata": {
        "description": "Number to start vm unique ID sequence from"
      }
    }
  },
  "variables": {
    "vmInstancesAttributes": {
      "copy": [
        {
          "name": "vms",
          "count": "[parameters('vmNumberOfInstances')]",
          "input": {
            "vmName": "[concat(parameters('vmNamePrefix'), if(equals(parameters('regionToDeploy'), 'AustraliaEast'), '0', if(equals(parameters('regionToDeploy'), 'AustraliaSoutheast'), '1', 'X')), padLeft(copyIndex('vms',parameters('vmNumberOffset')), 4, '0'))]",
            "vmNicName": "[concat(parameters('vmNamePrefix'), if(equals(parameters('regionToDeploy'), 'AustraliaEast'), '0', if(equals(parameters('regionToDeploy'), 'AustraliaSoutheast'), '1', 'X')), padLeft(copyIndex('vms',parameters('vmNumberOffset')), 4, '0'), '-nic')]"
          }
        }
      ]
    }
  },
  "resources": [
    {
      "condition": "[equals(parameters('GuestOS'), 'Linux')]",
      "type": "Microsoft.Compute/virtualMachines/extensions",
      "apiVersion": "2019-03-01",
      "name": "[concat(variables('vmInstancesAttributes').vms[copyIndex()].vmName, '/LinuxPostDeploy')]",
      "location": "[parameters('regionToDeploy')]",
      "dependsOn": [],
      "properties": {
        "publisher": "Microsoft.Azure.Extensions",
        "type": "CustomScript",
        "typeHandlerVersion": "2.0",
        "autoUpgradeMinorVersion": true,
        "protectedSettings": {
          "commandToExecute": "[concat('/root/bootstrap.py -l azureadmin -p ', parameters('rhelAzureAdminPass'), ' -s ncdlsatisp0010.woolworths.com.au -o 1-WOOLWORTHS -L AZURE -g RHEL76_AZURE --activationkey=1-azure76 P --download-method=http --release=7Server  --force; yum update')]"
        }
      },
      "copy": {
        "name": "addToSatelliteLoop",
        "count": "[parameters('vmNumberOfInstances')]",
        "mode": "Parallel"
      }
    }
  ],
  "outputs": {
    "cmdLine": {
      "type": "string",
      "value": "[concat('/root/bootstrap.py -l azureadmin -p ', parameters('rhelAzureAdminPass'), ' -s ncdlsatisp0010.woolworths.com.au -o 1-WOOLWORTHS -L AZURE -g RHEL76_AZURE --activationkey=1-azure76 P --download-method=http --release=7Server  --force; yum update')]"
    }
  }
}