{
    "$schema": "https://schema.management.azure.com/schemas/2019-04-01/deploymentTemplate.json#",
    "contentVersion": "1.0.0.0",
    "parameters": {
        "vmNamePrefix": {
            "maxLength": 11,
            "type": "String",
            "metadata": {
                "description": "This is the prefix to use in all VM instances name"
            }
        },
        "vmNumberOfInstances": {
            "defaultValue": 1,
            "minValue": 1,
            "maxValue": 20,
            "type": "Int",
            "metadata": {
                "description": "Number of VMs to deploy, limit 5 since this template is using a single storage account"
            }
        },
        "vmNumberOffset": {
            "defaultValue": 0,
            "minValue": 0,
            "maxValue": 100,
            "type": "Int",
            "metadata": {
                "description": "Number to start vm unique ID sequence from"
            }
        },
        "regionToDeploy": {
            "allowedValues": [
                "AustraliaEast",
                "AustraliaSoutheast"
            ],
            "type": "String"
        },
        "artifactsLocation": {
            "type": "string",
            "metadata": {
                "description": "Location of post deployment scripts / DSC configuration / nested Scripts"
            }
        },
        "artifactsSasToken": {
            "type": "securestring",
            "metadata": {
                "description": "Storage SAS Token for artifacts"
            }
        },
        "ConfigureSQLdisks": {
           "type": "string",
           "defaultValue": "False",
           "metadata": {
                "description": "Configure SQL Disks"
            }
        },
        "MsServerRoles": {
           "type": "string",
           "defaultValue": "none",
           "metadata": {
                "description": "Install Failover Cluster (for SQL AAG)"
            }
        },
        "AppTeamLocalAdmins": {
           "type": "string",
           "defaultValue": "",
           "metadata": {
                "description": "Application Team User or Group"
            }
        }
    },
    "variables": {
        "vmInstancesAttributes": {
            "copy": [
                {
                    "name": "vms",
                    "count": "[parameters('vmNumberOfInstances')]",
                    "input": {
                        "vmName": "[concat(parameters('vmNamePrefix'), if(equals(parameters('regionToDeploy'), 'AustraliaEast'), '0', if(equals(parameters('regionToDeploy'), 'AustraliaSoutheast'), '1', 'X')), padLeft(copyIndex('vms',parameters('vmNumberOffset')), 4, '0'))]",
                        "vmNicName": "[concat(parameters('vmNamePrefix'), if(equals(parameters('regionToDeploy'), 'AustraliaEast'), '0', if(equals(parameters('regionToDeploy'), 'AustraliaSoutheast'), '1', 'X')), padLeft(copyIndex('vms',parameters('vmNumberOffset')), 4, '0'), '-nic')]"
                    }
                }
            ]
        },
        "scriptDir": "/Scripts/",
        "script": "WindowsPostDeploy.ps1",
        "windowsPostDeployScript": "[concat(parameters('artifactsLocation'), variables('scriptDir'), variables('script'), parameters('artifactsSasToken'))]"
    },
    "resources": [
        {
            "type": "Microsoft.Compute/virtualMachines/extensions",
            "name": "[concat(variables('vmInstancesAttributes').vms[copyIndex()].vmName, '/WindowsPostDeploy')]",
            "apiVersion": "2017-03-30",
            "location": "[parameters('regionToDeploy')]",
            "dependsOn": [],
            "copy": {
                "name": "WindowsPostDeployLoop",
                "count": "[parameters('vmNumberOfInstances')]",
                "mode": "Parallel"
            },
            "properties": {
                "publisher": "Microsoft.Compute",
                "type": "CustomScriptExtension",
                "typeHandlerVersion": "1.8",
                "autoUpgradeMinorVersion": true,
                "settings": {
                "fileUris": [
                    "[variables('windowsPostDeployScript')]"
                ],
                "commandToExecute": "[concat('powershell -ExecutionPolicy Bypass -file ', '.\\Scripts\\', variables('script'), ' -ConfigureSQLdisks ', parameters('ConfigureSQLdisks'), ' -MsServerRoles ', parameters('MsServerRoles'), ' -LocalAdmins ', parameters('AppTeamLocalAdmins'))]"
                }
            }
        }
    ],
    "outputs": {
        "Command": {
           "type": "string",
           "value": "[concat('powershell -ExecutionPolicy Bypass -file ', '.\\Scripts\\', variables('script'), ' -ConfigureSQLdisks ', parameters('ConfigureSQLdisks'), ' -InstallFailoverCluster ', parameters('MsServerRoles'), ' -LocalAdmins ', parameters('AppTeamLocalAdmins'))]"
        },
        "scriptLocation": {
           "type": "string",
           "value": "[variables('windowsPostDeployScript')]"
        }
    }
}