{
  "$schema": "https://schema.management.azure.com/schemas/2015-01-01/deploymentParameters.json#",
  "contentVersion": "1.0.0.0",
  "parameters": {
    "artifactsLocation": {
      "value": "__artifactsLocation__"
    },
    "artifactsSasToken": {
      "value": "__artifactsSasToken__"
    },
    "regionToDeploy": {
      "value": "__regionToDeploy__"
    },
    "vmNamePrefix": {
      "value": "__vmNamePrefix__"
    },
    "vmNumberOfInstances": {
      "value": __vmNumberOfInstances__
    },
    "vmNumberOffset": {
      "value": __vmNumberOffset__
    },
    "requireAvailablitySet":{
      "value": "__requireAvailablitySet__"
    },
    "vmDiagStorageAccountName": {
      "value": "__vmDiagStorageAccountName__"
    },
    "vmAdminUsername": {
      "value": "__vmAdminUsername__"
    },
    "vmAdminPassword": {
      "value": "__vmAdminPassword__"
    },
    "vmSize": {
      "value": "__vmSize__"
    },
    "existingVnetResourceGroupName": {
        "value": "__existingVnetResourceGroupName__"
    },
    "existingVnetName": {
        "value": "__existingVnetName__"
    },
    "existingSubnetName": {
        "value": "__existingSubnetName__"
    },
    "vmNicDnsSetting": {
        "value": ["10.17.36.20","10.12.96.20"]
    },
    "workspaceResourceGroupName": {
        "value": "__workspaceResourceGroupName__"
    },
    "workspaceName": {
        "value": "__workspaceName__"
    },
    "GuestOS":{
      "value": "__GuestOS__"
    },
    "domainToJoin": {
        "value": "__domainToJoin__"
    },
    "domainJoinUsername": {
      "value": "__domainJoinUsername__"
    },
    "domainJoinPassword": {
      "value": "__domainJoinPassword__"
    },
    "ouPath": {
        "value": "__ouPath__"
    },
    "galleryName": {
      "value": "__galleryName__"
    },
    "PatchWindow": {
      "value": "__PatchWindow__"
    },
    "rsvResourceGroup": {
      "value": "__rsvResourceGroupAE__"
    },
    "rsvVaultName": {
      "value": "__rsvVaultNameAE__"
    },
    "rsvBackupPolicyName": {
      "value": "__rsvBackupPolicyName__"
    },
    "Provisionedby": {
      "value": "__Provisionedby__"
    },
    "ServerRole": {
      "value": "__ServerRole__"
    },
    "Environment": {
      "value": "__Environment__"
    },
    "ServerType": {
      "value": "__ServerType__"
    }
  } 
}