{
    "$schema": "https://schema.management.azure.com/schemas/2015-01-01/deploymentParameters.json#",
    "contentVersion": "1.0.0.0",
    "parameters": {
        "artifactsLocation": {
            "value": "__artifactsLocation__"
        },
        "artifactsSasToken": {
            "value": "__artifactsSasToken__"
        },
        "regionToDeploy": {
            "value": "__Region_Primary__"
        },
        "existingVnetResourceGroupName": {
            "value": "__Region_PrimaryVnetNameRG__"
        },
        "existingVnetName": {
            "value": "__Region_PrimaryVnetName__"
        },
        "existingSubnetName": {
            "value": "__Network_ExistingSubnet__"
        },
        "vmNamePrefix": {
            "value": "__Service_vmNamePrefix__"
        },
        "vmNumberOfInstances": {
            "value": __Service_PrimaryNumberOfInstances__
        },
        "vmNumberOffset": {
            "value": __Service_vmNumberOffset__
        },
        "vmSize": {
            "value": "__Service_sku__"
        },
        "galleryName": {
            "value": "__Service_galleryName__"
        },
        "GuestOS": {
            "value": "__Service_GuestOS__"
        },
       "domainToJoin": {
            "value": "__Account_domainToJoin__"
        },
        "domainJoinUsername": {
            "value": "__Account_domainJoinUsername__"
        },
        "domainJoinPassword": {
            "value": "__Account_domainJoinPassword__"
        },
        "ouPath": {
            "value": "__Account_ouPath__"
        },
        "vmAdminUsername": {
            "value": "__Account_vmAdminUsername__"
        },
        "vmAdminPassword": {
            "value": "__Account_vmAdminPassword__"
        },
        "requireAvailablitySet": {
            "value": "__Service_AvailSet__"
        },
        "vmDiagStorageAccountName": {
            "value": "__Service_PrimaryVmDiagnostics__"
        },
        "vmNicDnsSetting": {
            "value": ["10.17.36.20","10.12.96.20"]
        },
        "workspaceResourceGroupName": {
            "value": "__Maint_workspaceResourceGroupName__"
        },
        "workspaceName": {
            "value": "__Maint_WorkSpaceName__"
        },
        "PatchWindow": {
            "value": "__Maint_PatchWindow__"
        },
        "rsvResourceGroup": {
            "value": "__Maint_rsvResourceGroupAE__"
        },
        "rsvVaultName": {
            "value": "__Maint_rsvVaultNameAE__"
        },
        "rsvBackupPolicyName": {
            "value": "__Maint_rsvBackupPolicyName__"
        },
        "Provisionedby": {
            "value": "__Tag_ProvisionedBy__"
        },
        "ServerRole": {
            "value": "__Tag_Label__"
        },
        "Environment": {
            "value": "__Tag_Environment__"
        },
        "TLA": {
            "value": "__Tag_TLA__"
        },
        "sqlDiskArray": {
            "value": [
                "Not Required"
            ]
        }
    }
}
