{
    "$schema": "https://schema.management.azure.com/schemas/2015-01-01/deploymentParameters.json#",
    "contentVersion": "1.0.0.0",
    "parameters": {
        "vmNamePrefix": {
            "value": "__vmNamePrefix__"
        },
        "vmNumberOfInstances": {
            "value": __vmNumberOfInstances__
        },
        "vmNumberOffset": {
            "value": __vmNumberOffset__
        },
        "regionToDeploy": {
            "value": "__regionToDeploy__"
        },
        "artifactsLocation": {
            "value": "__artifactsLocation__"
        },
        "artifactsSasToken": {
            "value": "__artifactsSasToken__"
        },
        "ConfigureSQLdisks": {
            "value": "__ConfigureSQLdisks__"
        },
        "MsServerRoles": {
            "value": "__MsServerRoles__"
        },
        "AppTeamLocalAdmins": {
            "value": "__AppTeamLocalAdmins__"
        }
    }
}