{
    "$schema": "https://schema.management.azure.com/schemas/2015-01-01/deploymentParameters.json#",
    "contentVersion": "1.0.0.0",
    "parameters": {
        "artifactsLocation": {
            "value": "__artifactsLocation__"
        },
        "artifactsSasToken": {
            "value": "__artifactsSasToken__"
        },
        "regionToDeploy": {
            "value": "__Region_Secondary__"
        },
        "vmNumberOfInstances": {
            "value": __Service_SecondaryNumberOfInstances__
        },
        "vmNumberOffset": {
            "value": __Service_vmNumberOffset__
        },
        "vmDataDiskSizeGB": {
            "value": __Disk_DataDisk1Size__
        },
        "vmNamePrefix": {
            "value": "__Service_vmNamePrefix__"
        },
        "vmAdminUsername": {
            "value": "__Account_vmAdminUsername__"
        },
        "vmAdminPassword": {
            "value": "__Account_vmAdminPassword__"
        },
        "vmAdminGroup": {
            "value": "__Account_vmAdminGroup__"
        },
        "GuestOS": {
            "value": "__Service_GuestOS__"
        },
        "domainToJoin": {
            "value": "__Account_domainToJoin__"
        },
        "rhelAzureAdminPass": {
            "value": "__Account_rhelAzureAdminPass__"
        },
        "ConfigureSQLdisks": {
            "value": "__Service_ConfigureSQLdisks__"
        },
        "MsServerRoles": {
            "value": "__Service_MsServerRoles__"
        },
        "AppTeamLocalAdmins": {
            "value": "__Account_LocalAdmins__"
        },
        "ServerRole": {
            "value": "__Tag_Label__"
        }
    }
}
