{
    "$schema": "https://schema.management.azure.com/schemas/2015-01-01/deploymentParameters.json#",
    "contentVersion": "1.0.0.0",
    "parameters": {
        "artifactsLocation": {
            "value": "__artifactsLocation__"
        },
        "artifactsSasToken": {
            "value": "__artifactsSasToken__"
        },
        "regionToDeploy": {
            "value": "__Region_Secondary__"
        },
        "vmNumberOfInstances": {
            "value": __Service_SecondaryNumberOfInstances__
        },
        "vmNumberOffset": {
            "value": __Service_vmNumberOffset__
        },
        "vmNamePrefix": {
            "value": "__Service_vmNamePrefix__"
        },
        "GuestOS": {
            "value": "__Service_GuestOS__"
        },
        "rhelAzureAdminPass": {
            "value": "__azureadmin__"
        }
    }
}
