{
  "$schema": "https://schema.management.azure.com/schemas/2015-01-01/deploymentParameters.json#",
  "contentVersion": "1.0.0.0",
  "parameters": {
    "regionToDeploy": {
      "value": "__SecondaryRegion__"
    },
    "vmNumberOfInstances": {
      "value": __vmNumberOfInstancesRegion2__
    },
    "vmNamePrefix": {
      "value": "__vmNamePrefix__"
    },
    "vmAdminUsername": {
      "value": "__vmAdminUsername__"
    },
    "vmAdminPassword": {
      "value": "__vmAdminPassword__"
    },
    "vmAdminGroup": {
      "value": "__vmAdminGroup__"
    },
    "vmDataDiskSizeGB": {
      "value": __DataDisk1Size__
    },
    "GuestOS": {
      "value": "__GuestOS__"
    },
    "domainToJoin": {
      "value": "__domainToJoin__"
    },
    "artifactsLocation": {
      "value": "__artifactsLocation__"
    },
    "artifactsSasToken": {
      "value": "__artifactsSasToken__"
    },
    "rhelAzureAdminPass": {
      "value": "__azureadmin__"
    },
    "vmNumberOffset": {
      "value": __vmNumberOffset__
    }
  } 
}