{
    "$schema": "https://schema.management.azure.com/schemas/2015-01-01/deploymentParameters.json#",
    "contentVersion": "1.0.0.0",
    "parameters": {
        "vmNamePrefix": {
            "value": "__vmNamePrefix__"
        },
        "vmNumberOfInstances": {
            "value": __vmNumberOfInstancesRegion2__
        },
        "vmNumberOffset": {
            "value": __vmNumberOffset__
        },
        "regionToDeploy": {
            "value": "__SecondaryRegion__"
        },
        "artifactsLocation": {
            "value": "__artifactsLocation__"
        },
        "artifactsSasToken": {
            "value": "__artifactsSasToken__"
        }
    }
}
